"id","biller","description"
"56bc2830-caeb-4931-8454-a9aa3dd9c3d4","BC Hydro","Electricity"
"e3091998-9395-458a-ba00-44852e119cf6","Telus","Telecom"
"f4441998-9395-458a-ba00-44852e119cg7","Rogers","Telecom"
"g5551998-9395-458a-ba00-44852e119ch8","Metlife","Insurance"
"h6661998-9395-458a-ba00-44852e119cj9","Fido","Telecom"
"i7771998-9395-458a-ba00-44852e119ck0","Fortis BC","Utilities"
"j8881998-9395-458a-ba00-44852e119cm1","Vancouver Water","Utilities"
"k9991998-9395-458a-ba00-44852e119cn2","ICBC","Insurance"
"m0001998-9395-458a-ba00-44852e119cp3","RSA","Insurance"
